DeepJet;OperatingPoint, measurementType, sysType, jetFlavor, etaMin, etaMax, ptMin, ptMax, discrMin, discrMax, formula 
0, comb, central, 1, -2.4, 2.4, 20, 1000, 0, 1, "0.971065*((1.+(0.0100459*x))/(1.+(0.00975219*x)))" 
0, comb, central, 0, -2.4, 2.4, 20, 1000, 0, 1, "0.971065*((1.+(0.0100459*x))/(1.+(0.00975219*x)))" 
0, comb, down, 1, -2.4, 2.4, 20, 30, 0, 1, "(0.971065*((1.+(0.0100459*x))/(1.+(0.00975219*x))))-0.061678234487771988" 
0, comb, down, 1, -2.4, 2.4, 30, 50, 0, 1, "(0.971065*((1.+(0.0100459*x))/(1.+(0.00975219*x))))-0.032233506441116333" 
0, comb, down, 1, -2.4, 2.4, 50, 70, 0, 1, "(0.971065*((1.+(0.0100459*x))/(1.+(0.00975219*x))))-0.030768521130084991" 
0, comb, down, 1, -2.4, 2.4, 70, 100, 0, 1, "(0.971065*((1.+(0.0100459*x))/(1.+(0.00975219*x))))-0.029403112828731537" 
0, comb, down, 1, -2.4, 2.4, 100, 140, 0, 1, "(0.971065*((1.+(0.0100459*x))/(1.+(0.00975219*x))))-0.029279418289661407" 
0, comb, down, 1, -2.4, 2.4, 140, 200, 0, 1, "(0.971065*((1.+(0.0100459*x))/(1.+(0.00975219*x))))-0.030047547072172165" 
0, comb, down, 1, -2.4, 2.4, 200, 300, 0, 1, "(0.971065*((1.+(0.0100459*x))/(1.+(0.00975219*x))))-0.034353077411651611" 
0, comb, down, 1, -2.4, 2.4, 300, 600, 0, 1, "(0.971065*((1.+(0.0100459*x))/(1.+(0.00975219*x))))-0.068900331854820251" 
0, comb, down, 1, -2.4, 2.4, 600, 1000, 0, 1, "(0.971065*((1.+(0.0100459*x))/(1.+(0.00975219*x))))-0.14984135329723358" 
0, comb, down, 0, -2.4, 2.4, 20, 30, 0, 1, "(0.971065*((1.+(0.0100459*x))/(1.+(0.00975219*x))))-0.024671293795108795" 
0, comb, down, 0, -2.4, 2.4, 30, 50, 0, 1, "(0.971065*((1.+(0.0100459*x))/(1.+(0.00975219*x))))-0.012893402948975563" 
0, comb, down, 0, -2.4, 2.4, 50, 70, 0, 1, "(0.971065*((1.+(0.0100459*x))/(1.+(0.00975219*x))))-0.012307408265769482" 
0, comb, down, 0, -2.4, 2.4, 70, 100, 0, 1, "(0.971065*((1.+(0.0100459*x))/(1.+(0.00975219*x))))-0.01176124531775713" 
0, comb, down, 0, -2.4, 2.4, 100, 140, 0, 1, "(0.971065*((1.+(0.0100459*x))/(1.+(0.00975219*x))))-0.011711766943335533" 
0, comb, down, 0, -2.4, 2.4, 140, 200, 0, 1, "(0.971065*((1.+(0.0100459*x))/(1.+(0.00975219*x))))-0.012019018642604351" 
0, comb, down, 0, -2.4, 2.4, 200, 300, 0, 1, "(0.971065*((1.+(0.0100459*x))/(1.+(0.00975219*x))))-0.013741230592131615" 
0, comb, down, 0, -2.4, 2.4, 300, 600, 0, 1, "(0.971065*((1.+(0.0100459*x))/(1.+(0.00975219*x))))-0.02756013348698616" 
0, comb, down, 0, -2.4, 2.4, 600, 1000, 0, 1, "(0.971065*((1.+(0.0100459*x))/(1.+(0.00975219*x))))-0.059936542063951492" 
0, comb, up, 1, -2.4, 2.4, 20, 30, 0, 1, "(0.971065*((1.+(0.0100459*x))/(1.+(0.00975219*x))))+0.061678234487771988" 
0, comb, up, 1, -2.4, 2.4, 30, 50, 0, 1, "(0.971065*((1.+(0.0100459*x))/(1.+(0.00975219*x))))+0.032233506441116333" 
0, comb, up, 1, -2.4, 2.4, 50, 70, 0, 1, "(0.971065*((1.+(0.0100459*x))/(1.+(0.00975219*x))))+0.030768521130084991" 
0, comb, up, 1, -2.4, 2.4, 70, 100, 0, 1, "(0.971065*((1.+(0.0100459*x))/(1.+(0.00975219*x))))+0.029403112828731537" 
0, comb, up, 1, -2.4, 2.4, 100, 140, 0, 1, "(0.971065*((1.+(0.0100459*x))/(1.+(0.00975219*x))))+0.029279418289661407" 
0, comb, up, 1, -2.4, 2.4, 140, 200, 0, 1, "(0.971065*((1.+(0.0100459*x))/(1.+(0.00975219*x))))+0.030047547072172165" 
0, comb, up, 1, -2.4, 2.4, 200, 300, 0, 1, "(0.971065*((1.+(0.0100459*x))/(1.+(0.00975219*x))))+0.034353077411651611" 
0, comb, up, 1, -2.4, 2.4, 300, 600, 0, 1, "(0.971065*((1.+(0.0100459*x))/(1.+(0.00975219*x))))+0.068900331854820251" 
0, comb, up, 1, -2.4, 2.4, 600, 1000, 0, 1, "(0.971065*((1.+(0.0100459*x))/(1.+(0.00975219*x))))+0.14984135329723358" 
0, comb, up, 0, -2.4, 2.4, 20, 30, 0, 1, "(0.971065*((1.+(0.0100459*x))/(1.+(0.00975219*x))))+0.024671293795108795" 
0, comb, up, 0, -2.4, 2.4, 30, 50, 0, 1, "(0.971065*((1.+(0.0100459*x))/(1.+(0.00975219*x))))+0.012893402948975563" 
0, comb, up, 0, -2.4, 2.4, 50, 70, 0, 1, "(0.971065*((1.+(0.0100459*x))/(1.+(0.00975219*x))))+0.012307408265769482" 
0, comb, up, 0, -2.4, 2.4, 70, 100, 0, 1, "(0.971065*((1.+(0.0100459*x))/(1.+(0.00975219*x))))+0.01176124531775713" 
0, comb, up, 0, -2.4, 2.4, 100, 140, 0, 1, "(0.971065*((1.+(0.0100459*x))/(1.+(0.00975219*x))))+0.011711766943335533" 
0, comb, up, 0, -2.4, 2.4, 140, 200, 0, 1, "(0.971065*((1.+(0.0100459*x))/(1.+(0.00975219*x))))+0.012019018642604351" 
0, comb, up, 0, -2.4, 2.4, 200, 300, 0, 1, "(0.971065*((1.+(0.0100459*x))/(1.+(0.00975219*x))))+0.013741230592131615" 
0, comb, up, 0, -2.4, 2.4, 300, 600, 0, 1, "(0.971065*((1.+(0.0100459*x))/(1.+(0.00975219*x))))+0.02756013348698616" 
0, comb, up, 0, -2.4, 2.4, 600, 1000, 0, 1, "(0.971065*((1.+(0.0100459*x))/(1.+(0.00975219*x))))+0.059936542063951492" 
1, comb, central, 1, -2.4, 2.4, 20, 1000, 0, 1, "0.922748*((1.+(0.0241884*x))/(1.+(0.0223119*x)))" 
1, comb, central, 0, -2.4, 2.4, 20, 1000, 0, 1, "0.922748*((1.+(0.0241884*x))/(1.+(0.0223119*x)))" 
1, comb, down, 1, -2.4, 2.4, 20, 30, 0, 1, "(0.922748*((1.+(0.0241884*x))/(1.+(0.0223119*x))))-0.13967660069465637" 
1, comb, down, 1, -2.4, 2.4, 30, 50, 0, 1, "(0.922748*((1.+(0.0241884*x))/(1.+(0.0223119*x))))-0.049122259020805359" 
1, comb, down, 1, -2.4, 2.4, 50, 70, 0, 1, "(0.922748*((1.+(0.0241884*x))/(1.+(0.0223119*x))))-0.043598789721727371" 
1, comb, down, 1, -2.4, 2.4, 70, 100, 0, 1, "(0.922748*((1.+(0.0241884*x))/(1.+(0.0223119*x))))-0.038782715797424316" 
1, comb, down, 1, -2.4, 2.4, 100, 140, 0, 1, "(0.922748*((1.+(0.0241884*x))/(1.+(0.0223119*x))))-0.036949444562196732" 
1, comb, down, 1, -2.4, 2.4, 140, 200, 0, 1, "(0.922748*((1.+(0.0241884*x))/(1.+(0.0223119*x))))-0.043523617088794708" 
1, comb, down, 1, -2.4, 2.4, 200, 300, 0, 1, "(0.922748*((1.+(0.0241884*x))/(1.+(0.0223119*x))))-0.04994809627532959" 
1, comb, down, 1, -2.4, 2.4, 300, 600, 0, 1, "(0.922748*((1.+(0.0241884*x))/(1.+(0.0223119*x))))-0.090836621820926666" 
1, comb, down, 1, -2.4, 2.4, 600, 1000, 0, 1, "(0.922748*((1.+(0.0241884*x))/(1.+(0.0223119*x))))-0.16102308034896851" 
1, comb, down, 0, -2.4, 2.4, 20, 30, 0, 1, "(0.922748*((1.+(0.0241884*x))/(1.+(0.0223119*x))))-0.046558864414691925" 
1, comb, down, 0, -2.4, 2.4, 30, 50, 0, 1, "(0.922748*((1.+(0.0241884*x))/(1.+(0.0223119*x))))-0.016374086961150169" 
1, comb, down, 0, -2.4, 2.4, 50, 70, 0, 1, "(0.922748*((1.+(0.0241884*x))/(1.+(0.0223119*x))))-0.014532930217683315" 
1, comb, down, 0, -2.4, 2.4, 70, 100, 0, 1, "(0.922748*((1.+(0.0241884*x))/(1.+(0.0223119*x))))-0.012927571311593056" 
1, comb, down, 0, -2.4, 2.4, 100, 140, 0, 1, "(0.922748*((1.+(0.0241884*x))/(1.+(0.0223119*x))))-0.012316481210291386" 
1, comb, down, 0, -2.4, 2.4, 140, 200, 0, 1, "(0.922748*((1.+(0.0241884*x))/(1.+(0.0223119*x))))-0.014507872052490711" 
1, comb, down, 0, -2.4, 2.4, 200, 300, 0, 1, "(0.922748*((1.+(0.0241884*x))/(1.+(0.0223119*x))))-0.016649365425109863" 
1, comb, down, 0, -2.4, 2.4, 300, 600, 0, 1, "(0.922748*((1.+(0.0241884*x))/(1.+(0.0223119*x))))-0.030278874561190605" 
1, comb, down, 0, -2.4, 2.4, 600, 1000, 0, 1, "(0.922748*((1.+(0.0241884*x))/(1.+(0.0223119*x))))-0.053674362599849701" 
1, comb, up, 1, -2.4, 2.4, 20, 30, 0, 1, "(0.922748*((1.+(0.0241884*x))/(1.+(0.0223119*x))))+0.13967660069465637" 
1, comb, up, 1, -2.4, 2.4, 30, 50, 0, 1, "(0.922748*((1.+(0.0241884*x))/(1.+(0.0223119*x))))+0.049122259020805359" 
1, comb, up, 1, -2.4, 2.4, 50, 70, 0, 1, "(0.922748*((1.+(0.0241884*x))/(1.+(0.0223119*x))))+0.043598789721727371" 
1, comb, up, 1, -2.4, 2.4, 70, 100, 0, 1, "(0.922748*((1.+(0.0241884*x))/(1.+(0.0223119*x))))+0.038782715797424316" 
1, comb, up, 1, -2.4, 2.4, 100, 140, 0, 1, "(0.922748*((1.+(0.0241884*x))/(1.+(0.0223119*x))))+0.036949444562196732" 
1, comb, up, 1, -2.4, 2.4, 140, 200, 0, 1, "(0.922748*((1.+(0.0241884*x))/(1.+(0.0223119*x))))+0.043523617088794708" 
1, comb, up, 1, -2.4, 2.4, 200, 300, 0, 1, "(0.922748*((1.+(0.0241884*x))/(1.+(0.0223119*x))))+0.04994809627532959" 
1, comb, up, 1, -2.4, 2.4, 300, 600, 0, 1, "(0.922748*((1.+(0.0241884*x))/(1.+(0.0223119*x))))+0.090836621820926666" 
1, comb, up, 1, -2.4, 2.4, 600, 1000, 0, 1, "(0.922748*((1.+(0.0241884*x))/(1.+(0.0223119*x))))+0.16102308034896851" 
1, comb, up, 0, -2.4, 2.4, 20, 30, 0, 1, "(0.922748*((1.+(0.0241884*x))/(1.+(0.0223119*x))))+0.046558864414691925" 
1, comb, up, 0, -2.4, 2.4, 30, 50, 0, 1, "(0.922748*((1.+(0.0241884*x))/(1.+(0.0223119*x))))+0.016374086961150169" 
1, comb, up, 0, -2.4, 2.4, 50, 70, 0, 1, "(0.922748*((1.+(0.0241884*x))/(1.+(0.0223119*x))))+0.014532930217683315" 
1, comb, up, 0, -2.4, 2.4, 70, 100, 0, 1, "(0.922748*((1.+(0.0241884*x))/(1.+(0.0223119*x))))+0.012927571311593056" 
1, comb, up, 0, -2.4, 2.4, 100, 140, 0, 1, "(0.922748*((1.+(0.0241884*x))/(1.+(0.0223119*x))))+0.012316481210291386" 
1, comb, up, 0, -2.4, 2.4, 140, 200, 0, 1, "(0.922748*((1.+(0.0241884*x))/(1.+(0.0223119*x))))+0.014507872052490711" 
1, comb, up, 0, -2.4, 2.4, 200, 300, 0, 1, "(0.922748*((1.+(0.0241884*x))/(1.+(0.0223119*x))))+0.016649365425109863" 
1, comb, up, 0, -2.4, 2.4, 300, 600, 0, 1, "(0.922748*((1.+(0.0241884*x))/(1.+(0.0223119*x))))+0.030278874561190605" 
1, comb, up, 0, -2.4, 2.4, 600, 1000, 0, 1, "(0.922748*((1.+(0.0241884*x))/(1.+(0.0223119*x))))+0.053674362599849701" 
2, comb, central, 1, -2.4, 2.4, 20, 1000, 0, 1, "0.573021*((1.+(0.472221*x))/(1.+(0.27584*x)))" 
2, comb, central, 0, -2.4, 2.4, 20, 1000, 0, 1, "0.573021*((1.+(0.472221*x))/(1.+(0.27584*x)))" 
2, comb, down, 1, -2.4, 2.4, 20, 30, 0, 1, "(0.573021*((1.+(0.472221*x))/(1.+(0.27584*x))))-0.15082257986068726" 
2, comb, down, 1, -2.4, 2.4, 30, 50, 0, 1, "(0.573021*((1.+(0.472221*x))/(1.+(0.27584*x))))-0.054858319461345673" 
2, comb, down, 1, -2.4, 2.4, 50, 70, 0, 1, "(0.573021*((1.+(0.472221*x))/(1.+(0.27584*x))))-0.053491078317165375" 
2, comb, down, 1, -2.4, 2.4, 70, 100, 0, 1, "(0.573021*((1.+(0.472221*x))/(1.+(0.27584*x))))-0.048742711544036865" 
2, comb, down, 1, -2.4, 2.4, 100, 140, 0, 1, "(0.573021*((1.+(0.472221*x))/(1.+(0.27584*x))))-0.04667256772518158" 
2, comb, down, 1, -2.4, 2.4, 140, 200, 0, 1, "(0.573021*((1.+(0.472221*x))/(1.+(0.27584*x))))-0.047940321266651154" 
2, comb, down, 1, -2.4, 2.4, 200, 300, 0, 1, "(0.573021*((1.+(0.472221*x))/(1.+(0.27584*x))))-0.064067237079143524" 
2, comb, down, 1, -2.4, 2.4, 300, 600, 0, 1, "(0.573021*((1.+(0.472221*x))/(1.+(0.27584*x))))-0.10955213010311127" 
2, comb, down, 1, -2.4, 2.4, 600, 1000, 0, 1, "(0.573021*((1.+(0.472221*x))/(1.+(0.27584*x))))-0.16617907583713531" 
2, comb, down, 0, -2.4, 2.4, 20, 30, 0, 1, "(0.573021*((1.+(0.472221*x))/(1.+(0.27584*x))))-0.043092165142297745" 
2, comb, down, 0, -2.4, 2.4, 30, 50, 0, 1, "(0.573021*((1.+(0.472221*x))/(1.+(0.27584*x))))-0.01567380502820015" 
2, comb, down, 0, -2.4, 2.4, 50, 70, 0, 1, "(0.573021*((1.+(0.472221*x))/(1.+(0.27584*x))))-0.015283165499567986" 
2, comb, down, 0, -2.4, 2.4, 70, 100, 0, 1, "(0.573021*((1.+(0.472221*x))/(1.+(0.27584*x))))-0.013926489278674126" 
2, comb, down, 0, -2.4, 2.4, 100, 140, 0, 1, "(0.573021*((1.+(0.472221*x))/(1.+(0.27584*x))))-0.01333501935005188" 
2, comb, down, 0, -2.4, 2.4, 140, 200, 0, 1, "(0.573021*((1.+(0.472221*x))/(1.+(0.27584*x))))-0.013697234913706779" 
2, comb, down, 0, -2.4, 2.4, 200, 300, 0, 1, "(0.573021*((1.+(0.472221*x))/(1.+(0.27584*x))))-0.018304925411939621" 
2, comb, down, 0, -2.4, 2.4, 300, 600, 0, 1, "(0.573021*((1.+(0.472221*x))/(1.+(0.27584*x))))-0.031300608068704605" 
2, comb, down, 0, -2.4, 2.4, 600, 1000, 0, 1, "(0.573021*((1.+(0.472221*x))/(1.+(0.27584*x))))-0.047479737550020218" 
2, comb, up, 1, -2.4, 2.4, 20, 30, 0, 1, "(0.573021*((1.+(0.472221*x))/(1.+(0.27584*x))))+0.15082257986068726" 
2, comb, up, 1, -2.4, 2.4, 30, 50, 0, 1, "(0.573021*((1.+(0.472221*x))/(1.+(0.27584*x))))+0.054858319461345673" 
2, comb, up, 1, -2.4, 2.4, 50, 70, 0, 1, "(0.573021*((1.+(0.472221*x))/(1.+(0.27584*x))))+0.053491078317165375" 
2, comb, up, 1, -2.4, 2.4, 70, 100, 0, 1, "(0.573021*((1.+(0.472221*x))/(1.+(0.27584*x))))+0.048742711544036865" 
2, comb, up, 1, -2.4, 2.4, 100, 140, 0, 1, "(0.573021*((1.+(0.472221*x))/(1.+(0.27584*x))))+0.04667256772518158" 
2, comb, up, 1, -2.4, 2.4, 140, 200, 0, 1, "(0.573021*((1.+(0.472221*x))/(1.+(0.27584*x))))+0.047940321266651154" 
2, comb, up, 1, -2.4, 2.4, 200, 300, 0, 1, "(0.573021*((1.+(0.472221*x))/(1.+(0.27584*x))))+0.064067237079143524" 
2, comb, up, 1, -2.4, 2.4, 300, 600, 0, 1, "(0.573021*((1.+(0.472221*x))/(1.+(0.27584*x))))+0.10955213010311127" 
2, comb, up, 1, -2.4, 2.4, 600, 1000, 0, 1, "(0.573021*((1.+(0.472221*x))/(1.+(0.27584*x))))+0.16617907583713531" 
2, comb, up, 0, -2.4, 2.4, 20, 30, 0, 1, "(0.573021*((1.+(0.472221*x))/(1.+(0.27584*x))))+0.043092165142297745" 
2, comb, up, 0, -2.4, 2.4, 30, 50, 0, 1, "(0.573021*((1.+(0.472221*x))/(1.+(0.27584*x))))+0.01567380502820015" 
2, comb, up, 0, -2.4, 2.4, 50, 70, 0, 1, "(0.573021*((1.+(0.472221*x))/(1.+(0.27584*x))))+0.015283165499567986" 
2, comb, up, 0, -2.4, 2.4, 70, 100, 0, 1, "(0.573021*((1.+(0.472221*x))/(1.+(0.27584*x))))+0.013926489278674126" 
2, comb, up, 0, -2.4, 2.4, 100, 140, 0, 1, "(0.573021*((1.+(0.472221*x))/(1.+(0.27584*x))))+0.01333501935005188" 
2, comb, up, 0, -2.4, 2.4, 140, 200, 0, 1, "(0.573021*((1.+(0.472221*x))/(1.+(0.27584*x))))+0.013697234913706779" 
2, comb, up, 0, -2.4, 2.4, 200, 300, 0, 1, "(0.573021*((1.+(0.472221*x))/(1.+(0.27584*x))))+0.018304925411939621" 
2, comb, up, 0, -2.4, 2.4, 300, 600, 0, 1, "(0.573021*((1.+(0.472221*x))/(1.+(0.27584*x))))+0.031300608068704605" 
2, comb, up, 0, -2.4, 2.4, 600, 1000, 0, 1, "(0.573021*((1.+(0.472221*x))/(1.+(0.27584*x))))+0.047479737550020218" 
0, mujets, central, 1, -2.4, 2.4, 20, 1000, 0, 1, "0.988596*((1.+(0.00369167*x))/(1.+(0.00366552*x)))" 
0, mujets, central, 0, -2.4, 2.4, 20, 1000, 0, 1, "0.988596*((1.+(0.00369167*x))/(1.+(0.00366552*x)))" 
0, mujets, down, 1, -2.4, 2.4, 20, 30, 0, 1, "(0.988596*((1.+(0.00369167*x))/(1.+(0.00366552*x))))-0.06751975417137146" 
0, mujets, down, 1, -2.4, 2.4, 30, 50, 0, 1, "(0.988596*((1.+(0.00369167*x))/(1.+(0.00366552*x))))-0.049072399735450745" 
0, mujets, down, 1, -2.4, 2.4, 50, 70, 0, 1, "(0.988596*((1.+(0.00369167*x))/(1.+(0.00366552*x))))-0.045010451227426529" 
0, mujets, down, 1, -2.4, 2.4, 70, 100, 0, 1, "(0.988596*((1.+(0.00369167*x))/(1.+(0.00366552*x))))-0.050811700522899628" 
0, mujets, down, 1, -2.4, 2.4, 100, 140, 0, 1, "(0.988596*((1.+(0.00369167*x))/(1.+(0.00366552*x))))-0.06824319064617157" 
0, mujets, down, 1, -2.4, 2.4, 140, 200, 0, 1, "(0.988596*((1.+(0.00369167*x))/(1.+(0.00366552*x))))-0.090174674987792969" 
0, mujets, down, 1, -2.4, 2.4, 200, 300, 0, 1, "(0.988596*((1.+(0.00369167*x))/(1.+(0.00366552*x))))-0.073042541742324829" 
0, mujets, down, 1, -2.4, 2.4, 300, 600, 0, 1, "(0.988596*((1.+(0.00369167*x))/(1.+(0.00366552*x))))-0.080967634916305542" 
0, mujets, down, 1, -2.4, 2.4, 600, 1000, 0, 1, "(0.988596*((1.+(0.00369167*x))/(1.+(0.00366552*x))))-0.1517016589641571" 
0, mujets, down, 0, -2.4, 2.4, 20, 30, 0, 1, "(0.988596*((1.+(0.00369167*x))/(1.+(0.00366552*x))))-0.027007902041077614" 
0, mujets, down, 0, -2.4, 2.4, 30, 50, 0, 1, "(0.988596*((1.+(0.00369167*x))/(1.+(0.00366552*x))))-0.019628960639238358" 
0, mujets, down, 0, -2.4, 2.4, 50, 70, 0, 1, "(0.988596*((1.+(0.00369167*x))/(1.+(0.00366552*x))))-0.018004180863499641" 
0, mujets, down, 0, -2.4, 2.4, 70, 100, 0, 1, "(0.988596*((1.+(0.00369167*x))/(1.+(0.00366552*x))))-0.020324680954217911" 
0, mujets, down, 0, -2.4, 2.4, 100, 140, 0, 1, "(0.988596*((1.+(0.00369167*x))/(1.+(0.00366552*x))))-0.027297275140881538" 
0, mujets, down, 0, -2.4, 2.4, 140, 200, 0, 1, "(0.988596*((1.+(0.00369167*x))/(1.+(0.00366552*x))))-0.036069869995117188" 
0, mujets, down, 0, -2.4, 2.4, 200, 300, 0, 1, "(0.988596*((1.+(0.00369167*x))/(1.+(0.00366552*x))))-0.029217015951871872" 
0, mujets, down, 0, -2.4, 2.4, 300, 600, 0, 1, "(0.988596*((1.+(0.00369167*x))/(1.+(0.00366552*x))))-0.032387055456638336" 
0, mujets, down, 0, -2.4, 2.4, 600, 1000, 0, 1, "(0.988596*((1.+(0.00369167*x))/(1.+(0.00366552*x))))-0.060680665075778961" 
0, mujets, up, 1, -2.4, 2.4, 20, 30, 0, 1, "(0.988596*((1.+(0.00369167*x))/(1.+(0.00366552*x))))+0.06751975417137146" 
0, mujets, up, 1, -2.4, 2.4, 30, 50, 0, 1, "(0.988596*((1.+(0.00369167*x))/(1.+(0.00366552*x))))+0.049072399735450745" 
0, mujets, up, 1, -2.4, 2.4, 50, 70, 0, 1, "(0.988596*((1.+(0.00369167*x))/(1.+(0.00366552*x))))+0.045010451227426529" 
0, mujets, up, 1, -2.4, 2.4, 70, 100, 0, 1, "(0.988596*((1.+(0.00369167*x))/(1.+(0.00366552*x))))+0.050811700522899628" 
0, mujets, up, 1, -2.4, 2.4, 100, 140, 0, 1, "(0.988596*((1.+(0.00369167*x))/(1.+(0.00366552*x))))+0.06824319064617157" 
0, mujets, up, 1, -2.4, 2.4, 140, 200, 0, 1, "(0.988596*((1.+(0.00369167*x))/(1.+(0.00366552*x))))+0.090174674987792969" 
0, mujets, up, 1, -2.4, 2.4, 200, 300, 0, 1, "(0.988596*((1.+(0.00369167*x))/(1.+(0.00366552*x))))+0.073042541742324829" 
0, mujets, up, 1, -2.4, 2.4, 300, 600, 0, 1, "(0.988596*((1.+(0.00369167*x))/(1.+(0.00366552*x))))+0.080967634916305542" 
0, mujets, up, 1, -2.4, 2.4, 600, 1000, 0, 1, "(0.988596*((1.+(0.00369167*x))/(1.+(0.00366552*x))))+0.1517016589641571" 
0, mujets, up, 0, -2.4, 2.4, 20, 30, 0, 1, "(0.988596*((1.+(0.00369167*x))/(1.+(0.00366552*x))))+0.027007902041077614" 
0, mujets, up, 0, -2.4, 2.4, 30, 50, 0, 1, "(0.988596*((1.+(0.00369167*x))/(1.+(0.00366552*x))))+0.019628960639238358" 
0, mujets, up, 0, -2.4, 2.4, 50, 70, 0, 1, "(0.988596*((1.+(0.00369167*x))/(1.+(0.00366552*x))))+0.018004180863499641" 
0, mujets, up, 0, -2.4, 2.4, 70, 100, 0, 1, "(0.988596*((1.+(0.00369167*x))/(1.+(0.00366552*x))))+0.020324680954217911" 
0, mujets, up, 0, -2.4, 2.4, 100, 140, 0, 1, "(0.988596*((1.+(0.00369167*x))/(1.+(0.00366552*x))))+0.027297275140881538" 
0, mujets, up, 0, -2.4, 2.4, 140, 200, 0, 1, "(0.988596*((1.+(0.00369167*x))/(1.+(0.00366552*x))))+0.036069869995117188" 
0, mujets, up, 0, -2.4, 2.4, 200, 300, 0, 1, "(0.988596*((1.+(0.00369167*x))/(1.+(0.00366552*x))))+0.029217015951871872" 
0, mujets, up, 0, -2.4, 2.4, 300, 600, 0, 1, "(0.988596*((1.+(0.00369167*x))/(1.+(0.00366552*x))))+0.032387055456638336" 
0, mujets, up, 0, -2.4, 2.4, 600, 1000, 0, 1, "(0.988596*((1.+(0.00369167*x))/(1.+(0.00366552*x))))+0.060680665075778961" 
1, mujets, central, 1, -2.4, 2.4, 20, 1000, 0, 1, "0.740594*((1.+(0.178167*x))/(1.+(0.131089*x)))" 
1, mujets, central, 0, -2.4, 2.4, 20, 1000, 0, 1, "0.740594*((1.+(0.178167*x))/(1.+(0.131089*x)))" 
1, mujets, down, 1, -2.4, 2.4, 20, 30, 0, 1, "(0.740594*((1.+(0.178167*x))/(1.+(0.131089*x))))-0.14621166884899139" 
1, mujets, down, 1, -2.4, 2.4, 30, 50, 0, 1, "(0.740594*((1.+(0.178167*x))/(1.+(0.131089*x))))-0.084196500480175018" 
1, mujets, down, 1, -2.4, 2.4, 50, 70, 0, 1, "(0.740594*((1.+(0.178167*x))/(1.+(0.131089*x))))-0.1036752313375473" 
1, mujets, down, 1, -2.4, 2.4, 70, 100, 0, 1, "(0.740594*((1.+(0.178167*x))/(1.+(0.131089*x))))-0.0958409383893013" 
1, mujets, down, 1, -2.4, 2.4, 100, 140, 0, 1, "(0.740594*((1.+(0.178167*x))/(1.+(0.131089*x))))-0.12738983333110809" 
1, mujets, down, 1, -2.4, 2.4, 140, 200, 0, 1, "(0.740594*((1.+(0.178167*x))/(1.+(0.131089*x))))-0.14951369166374207" 
1, mujets, down, 1, -2.4, 2.4, 200, 300, 0, 1, "(0.740594*((1.+(0.178167*x))/(1.+(0.131089*x))))-0.10855968296527863" 
1, mujets, down, 1, -2.4, 2.4, 300, 600, 0, 1, "(0.740594*((1.+(0.178167*x))/(1.+(0.131089*x))))-0.09754248708486557" 
1, mujets, down, 1, -2.4, 2.4, 600, 1000, 0, 1, "(0.740594*((1.+(0.178167*x))/(1.+(0.131089*x))))-0.16564324498176575" 
1, mujets, down, 0, -2.4, 2.4, 20, 30, 0, 1, "(0.740594*((1.+(0.178167*x))/(1.+(0.131089*x))))-0.048737224191427231" 
1, mujets, down, 0, -2.4, 2.4, 30, 50, 0, 1, "(0.740594*((1.+(0.178167*x))/(1.+(0.131089*x))))-0.028065500780940056" 
1, mujets, down, 0, -2.4, 2.4, 50, 70, 0, 1, "(0.740594*((1.+(0.178167*x))/(1.+(0.131089*x))))-0.034558411687612534" 
1, mujets, down, 0, -2.4, 2.4, 70, 100, 0, 1, "(0.740594*((1.+(0.178167*x))/(1.+(0.131089*x))))-0.031946979463100433" 
1, mujets, down, 0, -2.4, 2.4, 100, 140, 0, 1, "(0.740594*((1.+(0.178167*x))/(1.+(0.131089*x))))-0.042463276535272598" 
1, mujets, down, 0, -2.4, 2.4, 140, 200, 0, 1, "(0.740594*((1.+(0.178167*x))/(1.+(0.131089*x))))-0.04983789473772049" 
1, mujets, down, 0, -2.4, 2.4, 200, 300, 0, 1, "(0.740594*((1.+(0.178167*x))/(1.+(0.131089*x))))-0.036186560988426208" 
1, mujets, down, 0, -2.4, 2.4, 300, 600, 0, 1, "(0.740594*((1.+(0.178167*x))/(1.+(0.131089*x))))-0.032514162361621857" 
1, mujets, down, 0, -2.4, 2.4, 600, 1000, 0, 1, "(0.740594*((1.+(0.178167*x))/(1.+(0.131089*x))))-0.055214416235685349" 
1, mujets, up, 1, -2.4, 2.4, 20, 30, 0, 1, "(0.740594*((1.+(0.178167*x))/(1.+(0.131089*x))))+0.14621166884899139" 
1, mujets, up, 1, -2.4, 2.4, 30, 50, 0, 1, "(0.740594*((1.+(0.178167*x))/(1.+(0.131089*x))))+0.084196500480175018" 
1, mujets, up, 1, -2.4, 2.4, 50, 70, 0, 1, "(0.740594*((1.+(0.178167*x))/(1.+(0.131089*x))))+0.1036752313375473" 
1, mujets, up, 1, -2.4, 2.4, 70, 100, 0, 1, "(0.740594*((1.+(0.178167*x))/(1.+(0.131089*x))))+0.0958409383893013" 
1, mujets, up, 1, -2.4, 2.4, 100, 140, 0, 1, "(0.740594*((1.+(0.178167*x))/(1.+(0.131089*x))))+0.12738983333110809" 
1, mujets, up, 1, -2.4, 2.4, 140, 200, 0, 1, "(0.740594*((1.+(0.178167*x))/(1.+(0.131089*x))))+0.14951369166374207" 
1, mujets, up, 1, -2.4, 2.4, 200, 300, 0, 1, "(0.740594*((1.+(0.178167*x))/(1.+(0.131089*x))))+0.10855968296527863" 
1, mujets, up, 1, -2.4, 2.4, 300, 600, 0, 1, "(0.740594*((1.+(0.178167*x))/(1.+(0.131089*x))))+0.09754248708486557" 
1, mujets, up, 1, -2.4, 2.4, 600, 1000, 0, 1, "(0.740594*((1.+(0.178167*x))/(1.+(0.131089*x))))+0.16564324498176575" 
1, mujets, up, 0, -2.4, 2.4, 20, 30, 0, 1, "(0.740594*((1.+(0.178167*x))/(1.+(0.131089*x))))+0.048737224191427231" 
1, mujets, up, 0, -2.4, 2.4, 30, 50, 0, 1, "(0.740594*((1.+(0.178167*x))/(1.+(0.131089*x))))+0.028065500780940056" 
1, mujets, up, 0, -2.4, 2.4, 50, 70, 0, 1, "(0.740594*((1.+(0.178167*x))/(1.+(0.131089*x))))+0.034558411687612534" 
1, mujets, up, 0, -2.4, 2.4, 70, 100, 0, 1, "(0.740594*((1.+(0.178167*x))/(1.+(0.131089*x))))+0.031946979463100433" 
1, mujets, up, 0, -2.4, 2.4, 100, 140, 0, 1, "(0.740594*((1.+(0.178167*x))/(1.+(0.131089*x))))+0.042463276535272598" 
1, mujets, up, 0, -2.4, 2.4, 140, 200, 0, 1, "(0.740594*((1.+(0.178167*x))/(1.+(0.131089*x))))+0.04983789473772049" 
1, mujets, up, 0, -2.4, 2.4, 200, 300, 0, 1, "(0.740594*((1.+(0.178167*x))/(1.+(0.131089*x))))+0.036186560988426208" 
1, mujets, up, 0, -2.4, 2.4, 300, 600, 0, 1, "(0.740594*((1.+(0.178167*x))/(1.+(0.131089*x))))+0.032514162361621857" 
1, mujets, up, 0, -2.4, 2.4, 600, 1000, 0, 1, "(0.740594*((1.+(0.178167*x))/(1.+(0.131089*x))))+0.055214416235685349" 
2, mujets, central, 1, -2.4, 2.4, 20, 1000, 0, 1, "0.233068*((1.+(0.827224*x))/(1.+(0.195788*x)))" 
2, mujets, central, 0, -2.4, 2.4, 20, 1000, 0, 1, "0.233068*((1.+(0.827224*x))/(1.+(0.195788*x)))" 
2, mujets, down, 1, -2.4, 2.4, 20, 30, 0, 1, "(0.233068*((1.+(0.827224*x))/(1.+(0.195788*x))))-0.1844523549079895" 
2, mujets, down, 1, -2.4, 2.4, 30, 50, 0, 1, "(0.233068*((1.+(0.827224*x))/(1.+(0.195788*x))))-0.094496726989746094" 
2, mujets, down, 1, -2.4, 2.4, 50, 70, 0, 1, "(0.233068*((1.+(0.827224*x))/(1.+(0.195788*x))))-0.25928881764411926" 
2, mujets, down, 1, -2.4, 2.4, 70, 100, 0, 1, "(0.233068*((1.+(0.827224*x))/(1.+(0.195788*x))))-0.177143394947052" 
2, mujets, down, 1, -2.4, 2.4, 100, 140, 0, 1, "(0.233068*((1.+(0.827224*x))/(1.+(0.195788*x))))-0.18483462929725647" 
2, mujets, down, 1, -2.4, 2.4, 140, 200, 0, 1, "(0.233068*((1.+(0.827224*x))/(1.+(0.195788*x))))-0.12167838960886002" 
2, mujets, down, 1, -2.4, 2.4, 200, 300, 0, 1, "(0.233068*((1.+(0.827224*x))/(1.+(0.195788*x))))-0.1339854896068573" 
2, mujets, down, 1, -2.4, 2.4, 300, 600, 0, 1, "(0.233068*((1.+(0.827224*x))/(1.+(0.195788*x))))-0.12374293804168701" 
2, mujets, down, 1, -2.4, 2.4, 600, 1000, 0, 1, "(0.233068*((1.+(0.827224*x))/(1.+(0.195788*x))))-0.18696573376655579" 
2, mujets, down, 0, -2.4, 2.4, 20, 30, 0, 1, "(0.233068*((1.+(0.827224*x))/(1.+(0.195788*x))))-0.052700672298669815" 
2, mujets, down, 0, -2.4, 2.4, 30, 50, 0, 1, "(0.233068*((1.+(0.827224*x))/(1.+(0.195788*x))))-0.026999063789844513" 
2, mujets, down, 0, -2.4, 2.4, 50, 70, 0, 1, "(0.233068*((1.+(0.827224*x))/(1.+(0.195788*x))))-0.074082516133785248" 
2, mujets, down, 0, -2.4, 2.4, 70, 100, 0, 1, "(0.233068*((1.+(0.827224*x))/(1.+(0.195788*x))))-0.050612397491931915" 
2, mujets, down, 0, -2.4, 2.4, 100, 140, 0, 1, "(0.233068*((1.+(0.827224*x))/(1.+(0.195788*x))))-0.05280989408493042" 
2, mujets, down, 0, -2.4, 2.4, 140, 200, 0, 1, "(0.233068*((1.+(0.827224*x))/(1.+(0.195788*x))))-0.034765254706144333" 
2, mujets, down, 0, -2.4, 2.4, 200, 300, 0, 1, "(0.233068*((1.+(0.827224*x))/(1.+(0.195788*x))))-0.038281567394733429" 
2, mujets, down, 0, -2.4, 2.4, 300, 600, 0, 1, "(0.233068*((1.+(0.827224*x))/(1.+(0.195788*x))))-0.035355124622583389" 
2, mujets, down, 0, -2.4, 2.4, 600, 1000, 0, 1, "(0.233068*((1.+(0.827224*x))/(1.+(0.195788*x))))-0.053418781608343124" 
2, mujets, up, 1, -2.4, 2.4, 20, 30, 0, 1, "(0.233068*((1.+(0.827224*x))/(1.+(0.195788*x))))+0.1844523549079895" 
2, mujets, up, 1, -2.4, 2.4, 30, 50, 0, 1, "(0.233068*((1.+(0.827224*x))/(1.+(0.195788*x))))+0.094496726989746094" 
2, mujets, up, 1, -2.4, 2.4, 50, 70, 0, 1, "(0.233068*((1.+(0.827224*x))/(1.+(0.195788*x))))+0.25928881764411926" 
2, mujets, up, 1, -2.4, 2.4, 70, 100, 0, 1, "(0.233068*((1.+(0.827224*x))/(1.+(0.195788*x))))+0.177143394947052" 
2, mujets, up, 1, -2.4, 2.4, 100, 140, 0, 1, "(0.233068*((1.+(0.827224*x))/(1.+(0.195788*x))))+0.18483462929725647" 
2, mujets, up, 1, -2.4, 2.4, 140, 200, 0, 1, "(0.233068*((1.+(0.827224*x))/(1.+(0.195788*x))))+0.12167838960886002" 
2, mujets, up, 1, -2.4, 2.4, 200, 300, 0, 1, "(0.233068*((1.+(0.827224*x))/(1.+(0.195788*x))))+0.1339854896068573" 
2, mujets, up, 1, -2.4, 2.4, 300, 600, 0, 1, "(0.233068*((1.+(0.827224*x))/(1.+(0.195788*x))))+0.12374293804168701" 
2, mujets, up, 1, -2.4, 2.4, 600, 1000, 0, 1, "(0.233068*((1.+(0.827224*x))/(1.+(0.195788*x))))+0.18696573376655579" 
2, mujets, up, 0, -2.4, 2.4, 20, 30, 0, 1, "(0.233068*((1.+(0.827224*x))/(1.+(0.195788*x))))+0.052700672298669815" 
2, mujets, up, 0, -2.4, 2.4, 30, 50, 0, 1, "(0.233068*((1.+(0.827224*x))/(1.+(0.195788*x))))+0.026999063789844513" 
2, mujets, up, 0, -2.4, 2.4, 50, 70, 0, 1, "(0.233068*((1.+(0.827224*x))/(1.+(0.195788*x))))+0.074082516133785248" 
2, mujets, up, 0, -2.4, 2.4, 70, 100, 0, 1, "(0.233068*((1.+(0.827224*x))/(1.+(0.195788*x))))+0.050612397491931915" 
2, mujets, up, 0, -2.4, 2.4, 100, 140, 0, 1, "(0.233068*((1.+(0.827224*x))/(1.+(0.195788*x))))+0.05280989408493042" 
2, mujets, up, 0, -2.4, 2.4, 140, 200, 0, 1, "(0.233068*((1.+(0.827224*x))/(1.+(0.195788*x))))+0.034765254706144333" 
2, mujets, up, 0, -2.4, 2.4, 200, 300, 0, 1, "(0.233068*((1.+(0.827224*x))/(1.+(0.195788*x))))+0.038281567394733429" 
2, mujets, up, 0, -2.4, 2.4, 300, 600, 0, 1, "(0.233068*((1.+(0.827224*x))/(1.+(0.195788*x))))+0.035355124622583389" 
2, mujets, up, 0, -2.4, 2.4, 600, 1000, 0, 1, "(0.233068*((1.+(0.827224*x))/(1.+(0.195788*x))))+0.053418781608343124" 
0, incl, central, 2, 0, 2.4, 20, 1000, 0, 1, "1.03726+0.000218815*x+-6.70561e-11*x*x+2.15167/x" 
0, incl, down, 2, 0, 2.4, 20, 1000, 0, 1, "(1.03726+0.000218815*x+-6.70561e-11*x*x+2.15167/x)*(1-(0.049251+8.04227e-05*x+-1.1138e-07*x*x))" 
0, incl, down_correlated, 2, 0, 2.4, 20, 1000, 0, 1, "(1.03726+0.000218815*x+-6.70561e-11*x*x+2.15167/x)*(1-(0.0472277+8.38862e-05*x+-1.16149e-07*x*x))" 
0, incl, down_uncorrelated, 2, 0, 2.4, 20, 1000, 0, 1, "(1.03726+0.000218815*x+-6.70561e-11*x*x+2.15167/x)*(1-(0.0139966))" 
0, incl, up, 2, 0, 2.4, 20, 1000, 0, 1, "(1.03726+0.000218815*x+-6.70561e-11*x*x+2.15167/x)*(1+(0.049251+8.04227e-05*x+-1.1138e-07*x*x))" 
0, incl, up_correlated, 2, 0, 2.4, 20, 1000, 0, 1, "(1.03726+0.000218815*x+-6.70561e-11*x*x+2.15167/x)*(1+(0.0472277+8.38862e-05*x+-1.16149e-07*x*x))" 
0, incl, up_uncorrelated, 2, 0, 2.4, 20, 1000, 0, 1, "(1.03726+0.000218815*x+-6.70561e-11*x*x+2.15167/x)*(1+(0.0139966))" 
1, incl, central, 2, 0, 2.4, 20, 1000, 0, 1, "1.09149+3.31851e-05*x+2.34826e-07*x*x+-0.888846/x" 
1, incl, down, 2, 0, 2.4, 20, 1000, 0, 1, "(1.09149+3.31851e-05*x+2.34826e-07*x*x+-0.888846/x)*(1-(0.127379+0.000199537*x+-2.43111e-07*x*x))" 
1, incl, down_correlated, 2, 0, 2.4, 20, 1000, 0, 1, "(1.09149+3.31851e-05*x+2.34826e-07*x*x+-0.888846/x)*(1-(0.110108+0.000225709*x+-2.74882e-07*x*x))" 
1, incl, down_uncorrelated, 2, 0, 2.4, 20, 1000, 0, 1, "(1.09149+3.31851e-05*x+2.34826e-07*x*x+-0.888846/x)*(1-(0.0644695))" 
1, incl, up, 2, 0, 2.4, 20, 1000, 0, 1, "(1.09149+3.31851e-05*x+2.34826e-07*x*x+-0.888846/x)*(1+(0.127379+0.000199537*x+-2.43111e-07*x*x))" 
1, incl, up_correlated, 2, 0, 2.4, 20, 1000, 0, 1, "(1.09149+3.31851e-05*x+2.34826e-07*x*x+-0.888846/x)*(1+(0.110108+0.000225709*x+-2.74882e-07*x*x))" 
1, incl, up_uncorrelated, 2, 0, 2.4, 20, 1000, 0, 1, "(1.09149+3.31851e-05*x+2.34826e-07*x*x+-0.888846/x)*(1+(0.0644695))" 
2, incl, central, 2, 0, 2.4, 20, 1000, 0, 1, "1.09741+-0.000871879*x+2.20312e-06*x*x+-1.53037e-09*x*x*x" 
2, incl, down, 2, 0, 2.4, 20, 1000, 0, 1, "(1.09741+-0.000871879*x+2.20312e-06*x*x+-1.53037e-09*x*x*x)*(1-(0.230419+0.000263021*x+-2.85751e-07*x*x))" 
2, incl, down_correlated, 2, 0, 2.4, 20, 1000, 0, 1, "(1.09741+-0.000871879*x+2.20312e-06*x*x+-1.53037e-09*x*x*x)*(1-(0.17528+0.000312862*x+-3.44379e-07*x*x))" 
2, incl, down_uncorrelated, 2, 0, 2.4, 20, 1000, 0, 1, "(1.09741+-0.000871879*x+2.20312e-06*x*x+-1.53037e-09*x*x*x)*(1-(0.156054))" 
2, incl, up, 2, 0, 2.4, 20, 1000, 0, 1, "(1.09741+-0.000871879*x+2.20312e-06*x*x+-1.53037e-09*x*x*x)*(1+(0.230419+0.000263021*x+-2.85751e-07*x*x))" 
2, incl, up_correlated, 2, 0, 2.4, 20, 1000, 0, 1, "(1.09741+-0.000871879*x+2.20312e-06*x*x+-1.53037e-09*x*x*x)*(1+(0.17528+0.000312862*x+-3.44379e-07*x*x))" 
2, incl, up_uncorrelated, 2, 0, 2.4, 20, 1000, 0, 1, "(1.09741+-0.000871879*x+2.20312e-06*x*x+-1.53037e-09*x*x*x)*(1+(0.156054))" 
